id;название;статус
forbidden-stars;Forbidden Stars;активна
revive;Проект «Возрождение»;активна
speakeasy;Спикизи;активна
fief-england;Fief: England;активна
arcs;Arcs;активна
sweet-lands;Сладкоземье;активна
galactic-cruise;Галактический круиз;активна
fs-forgotten-worlds;Forgotten Worlds;активна
arcs-blighted-reach;Заражение;активна
tainted-grail;Осквернённый Грааль;активна
tg-age-of-legends-last-knight;Эпоха легенд и Последний рыцарь;активна
tg-red-death;Красная смерть;активна
kings-of-ruin;Короли Краха;активна
eleven;Eleven;активна
ascension;Ascension;активна
frostpunk;Frostpunk;активна
pest;Чума;активна
rallyman-gt;Rallyman: GT;активна
defenders-of-the-wild;Защитники Диких Земель;активна
age-of-galaxy;Эра Галактики;активна
beast;Зверь;активна
beast-shattered-isles;Расколотые острова;активна
beast-great-hunt;Великая охота;активна
ascendancy;Ascendancy;активна
onward;Onward;активна
ironwood;Ironwood;активна
barrage;Плотина;активна
brazil-imperial;Бразилия;активна
root;Корни;активна
ascension-tactics;Ascension Tactics;активна
endeavor-deep-sea;Экспедиция. Морские глубины;активна
dune-imperium;Дюна: Империя;активна
dune-rise-of-ix;Расцвет Иксианцев;активна
dune-immortality;Бессмертие;активна
dune-bloodlines;Кровные узы;активна
dune-uprising;Дюна: Империя — Восстание;активна
hegemony;Гегемония;активна
tm-ares;Покорение Марса: Экспедиция «Арес»;активна
the-gang;The Gang;активна
circadians-chaos-order;Циркадианцы: Власть хаоса;активна
welcome-to;Бумажные кварталы;активна
flip-7;Flip 7;активна
secret-hitler;Secret Hitler;активна
five-tribes;Пять племён;активна
unmatched-cobble-fog;Unmatched: Туман над мостовой;активна
unmatched-witcher-realms-fall;Unmatched. Ведьмак: Гибель королевств;активна
unmatched-witcher-steel-silver;Unmatched. Ведьмак: Сталь и серебро;активна
feed-the-kraken;Кто накормит Кракена?;активна
the-white-castle;Белый замок;активна
galaxy-trucker;Космические дальнобойщики;активна
the-wolves;Волки;активна
blood-rage;Blood Rage;активна
cosmic-encounter;Космический контакт;активна
sea-salt-paper;Море, соль, бумага;активна
ticket-to-ride-europe;Билет на поезд: Европа;активна
7-wonders-duel;7 чудес: Дуэль;активна
android-netrunner;Android: Netrunner;активна
under-falling-skies;Вторжение с небес;активна
